age,monthly_income,employment_years,credit_utilization_ratio,transaction_stability_score,digital_activity_index,loan_amount,loan_tenure_months,interest_rate,macro_risk_index,probability_of_default_pd,loss_given_default_lgd,expected_loss_el
59,4774,21,0.81,0.61,0.61,6639,24,22.47,0.88,0.402,0.79,2108.41
49,4067,20,0.94,0.59,0.6,6844,12,17.76,1.21,0.016,0.87,95.27
35,1625,5,0.55,0.73,0.64,19300,48,21.67,0.98,0.152,0.27,792.07
63,6545,5,0.25,0.31,0.71,25872,12,14.99,1.17,0.254,0.17,1117.15
28,2316,22,0.33,0.22,0.82,21038,48,15.7,1.26,0.075,0.26,410.24
41,3946,15,0.12,0.45,0.34,15473,48,7.89,0.55,0.051,0.76,599.73
59,1212,3,0.88,0.76,0.84,6119,12,20.68,1.15,0.369,0.64,1445.06
39,1528,29,0.2,0.36,0.55,35204,12,13.39,0.73,0.404,0.61,8675.67
43,4148,10,0.59,0.74,0.17,37075,48,15.0,1.17,0.372,0.42,5792.6
31,7964,29,0.33,0.98,0.15,40419,24,20.7,0.97,0.405,0.56,9167.03
31,3608,29,0.57,0.28,0.4,42761,48,16.98,1.27,0.253,0.35,3786.49
44,1475,29,0.65,0.74,0.81,45623,36,9.02,0.62,0.367,0.48,8036.95
56,4265,23,0.81,0.56,0.74,28216,48,16.8,1.13,0.179,0.73,3686.98
60,6788,22,0.28,0.89,0.81,3736,24,13.15,0.78,0.303,0.88,996.17
44,3304,8,0.11,0.34,0.57,16348,36,14.39,1.35,0.445,0.85,6183.63
23,3767,22,0.22,0.75,0.5,2852,6,5.57,1.43,0.109,0.85,264.24
42,7135,2,0.87,0.87,0.23,2432,6,9.2,1.5,0.182,0.42,185.9
22,3586,18,0.84,0.96,0.4,11413,24,10.62,1.3,0.221,0.48,1210.69
44,1922,7,0.61,0.75,0.49,9056,48,19.26,1.25,0.071,0.66,424.36
64,4879,4,0.61,0.6,0.18,21800,12,5.23,0.72,0.046,0.84,842.35
50,2371,3,0.67,0.69,0.3,5998,24,13.18,0.84,0.375,0.21,472.34
58,5873,23,0.25,0.9,0.64,11082,36,23.48,0.97,0.44,0.34,1657.87
22,5904,5,0.88,0.66,0.76,47133,36,7.24,1.27,0.188,0.21,1860.81
41,2943,1,0.46,0.22,1.0,10069,6,15.33,1.41,0.049,0.59,291.09
53,2487,19,0.43,0.94,0.94,5357,36,20.73,0.69,0.039,0.35,73.12
32,7606,27,0.54,0.75,0.68,840,24,23.85,1.42,0.402,0.36,121.56
42,4932,10,0.14,0.74,0.48,44449,36,19.94,1.2,0.214,0.16,1521.93
64,4651,3,0.24,0.37,0.67,17266,24,19.41,1.11,0.151,0.38,990.72
45,4240,14,0.73,0.73,0.81,26632,12,21.53,0.7,0.22,0.79,4628.64
47,4566,5,0.17,0.52,0.21,8991,6,13.92,0.56,0.15,0.29,391.11
62,6444,21,0.61,0.72,0.47,638,36,21.12,1.07,0.225,0.66,94.74
48,3126,16,0.31,0.29,0.86,858,24,5.16,1.15,0.388,0.6,199.74
36,7160,29,0.43,0.73,0.45,10214,48,23.49,0.71,0.271,0.79,2186.72
35,3714,23,0.35,1.0,0.61,20340,6,13.87,1.06,0.316,0.21,1349.76
64,5768,5,0.4,0.24,0.63,34895,12,16.07,1.36,0.17,0.88,5220.29
23,6717,18,0.71,0.98,0.27,31154,24,10.1,1.34,0.335,0.57,5948.86
57,6192,29,0.35,0.53,0.43,26379,12,19.85,1.43,0.303,0.9,7193.55
27,4752,24,0.58,0.9,0.4,16496,12,6.53,0.87,0.063,0.83,862.58
41,7005,1,0.5,0.83,0.12,38272,36,22.45,0.82,0.262,0.28,2807.63
29,1395,14,0.66,0.65,0.12,27262,36,21.56,1.25,0.123,0.14,469.45
59,6799,10,0.9,0.79,0.85,13783,24,9.32,0.93,0.364,0.3,1505.1
38,1528,7,0.72,0.9,0.35,39920,48,21.19,0.59,0.197,0.52,4089.4
24,2165,25,0.28,0.52,0.57,20054,24,20.73,0.78,0.448,0.24,2156.21
45,5292,18,0.13,0.46,0.37,20719,48,17.64,0.92,0.051,0.23,243.03
34,1498,12,0.32,0.73,0.95,35419,12,12.47,0.79,0.353,0.47,5876.37
29,7986,11,0.61,0.85,0.33,9929,6,10.43,0.83,0.306,0.13,394.98
46,7120,4,0.14,0.81,0.49,47340,24,9.64,0.79,0.348,0.2,3294.86
22,6531,5,0.52,0.84,0.89,45195,24,11.37,0.54,0.145,0.43,2817.91
40,1195,25,0.61,0.55,0.86,40173,48,23.07,1.14,0.227,0.15,1367.89
48,7388,21,0.38,0.85,0.27,19718,12,6.55,1.1,0.36,0.42,2981.36
27,4971,3,0.76,0.3,0.82,12952,12,21.58,1.15,0.112,0.48,696.3
64,5160,18,0.19,0.64,0.51,49480,48,11.98,0.69,0.109,0.46,2480.93
28,3302,19,0.16,0.2,0.53,19451,12,15.43,0.8,0.252,0.8,3921.32
55,2619,0,0.72,0.46,0.22,1807,36,20.89,1.12,0.24,0.52,225.51
34,1517,19,0.52,0.49,0.17,15352,6,22.69,1.1,0.134,0.47,966.87
37,3582,16,0.69,0.52,0.76,25732,24,11.9,1.01,0.141,0.43,1560.13
56,5746,11,0.47,0.76,0.55,35928,6,14.24,0.85,0.132,0.75,3556.87
60,4377,14,0.31,0.51,0.49,43671,24,13.29,1.41,0.349,0.82,12497.77
24,6286,0,0.8,0.56,0.76,26985,36,5.27,0.84,0.297,0.78,6251.35
22,943,25,0.78,0.39,0.79,10738,12,10.92,0.96,0.376,0.64,2583.99
26,5780,13,0.69,0.5,0.24,39475,48,14.18,1.18,0.439,0.21,3639.2
62,3940,5,0.33,0.38,0.65,1640,36,13.22,1.04,0.219,0.32,114.93
24,5291,4,0.6,0.26,0.22,25342,6,19.44,0.85,0.039,0.14,138.37
49,7992,29,0.41,0.68,0.78,26921,48,12.7,0.94,0.031,0.84,701.02
38,7891,10,0.18,0.73,0.69,2208,12,14.79,1.29,0.14,0.63,194.75
46,3738,3,0.88,0.7,0.96,4130,36,13.59,0.78,0.42,0.7,1214.22
64,6388,12,0.22,0.57,0.16,20095,48,19.81,0.64,0.24,0.35,1687.98
54,4436,10,0.91,0.5,0.15,10985,36,22.26,0.81,0.13,0.78,1113.88
30,4022,2,0.48,0.89,0.35,28808,36,15.64,1.35,0.186,0.31,1661.07
56,1967,0,0.26,0.62,0.34,45289,12,20.79,0.59,0.273,0.1,1236.39
34,3416,5,0.56,0.58,0.32,26586,24,10.94,1.49,0.297,0.4,3158.42
51,1862,17,0.84,0.22,0.92,17359,48,15.83,1.04,0.078,0.56,758.24
35,2956,23,0.72,0.47,0.32,8184,12,11.9,1.48,0.44,0.48,1728.46
28,5961,9,0.79,0.5,0.34,26052,36,13.28,1.44,0.25,0.79,5145.27
34,6105,4,0.66,0.52,0.78,1707,12,19.65,0.95,0.07,0.18,21.51
43,3782,22,0.69,0.66,0.5,46599,24,22.63,0.7,0.403,0.54,10140.87
60,7341,9,0.82,0.63,0.8,2460,48,7.43,0.66,0.043,0.51,53.95
41,4094,11,0.31,0.69,0.16,1057,24,17.69,0.74,0.409,0.33,142.66
36,5529,1,0.52,0.81,0.54,30189,6,16.64,1.21,0.448,0.76,10278.75
38,1956,12,0.29,0.85,0.13,49151,48,7.37,0.77,0.318,0.7,10941.01
44,6134,7,0.94,0.77,0.16,14393,24,9.24,0.84,0.349,0.69,3465.98
46,1532,1,0.9,0.96,0.92,32772,36,11.22,0.95,0.158,0.8,4142.38
45,5130,19,0.13,0.21,0.23,1382,48,8.34,1.41,0.424,0.68,398.46
61,7601,0,0.7,0.36,0.58,38029,48,9.87,0.69,0.243,0.29,2679.9
49,5646,4,0.89,0.21,0.47,39135,12,10.35,0.51,0.332,0.66,8575.26
35,7531,8,0.25,0.72,0.41,30035,36,11.71,0.56,0.417,0.35,4383.61
21,7976,16,0.58,0.92,0.91,13369,6,19.99,1.4,0.439,0.29,1702.01
45,1753,8,0.88,0.39,0.12,7666,24,16.44,1.15,0.377,0.16,462.41
27,3339,10,0.13,0.94,0.7,13482,12,24.72,0.77,0.143,0.7,1349.55
29,7856,14,0.69,0.25,0.97,41197,24,13.29,0.68,0.435,0.67,12006.87
44,4124,23,0.35,0.95,0.6,38615,6,20.08,0.79,0.286,0.29,3202.73
21,4101,5,0.89,0.48,0.94,7769,6,22.43,0.61,0.419,0.7,2278.65
64,2342,22,0.93,0.28,0.15,28564,48,18.58,1.44,0.307,0.83,7278.39
28,6093,2,0.9,0.59,0.48,14027,6,13.24,1.28,0.145,0.19,386.44
44,6572,29,0.5,0.41,0.33,2954,24,20.07,0.96,0.173,0.29,148.2
31,1991,16,0.83,0.43,0.76,21378,36,9.07,1.36,0.252,0.7,3771.08
37,7113,4,0.82,0.45,0.98,13491,36,11.55,0.75,0.358,0.32,1545.53
28,6312,29,0.37,0.84,0.33,3308,48,15.93,1.22,0.15,0.6,297.72
55,3793,27,0.8,0.63,0.69,39910,24,16.51,1.36,0.265,0.16,1692.18
55,7738,11,0.13,0.45,0.28,37093,24,5.44,0.86,0.162,0.46,2764.17
53,3481,17,0.61,0.69,0.61,36804,6,23.9,1.26,0.369,0.69,9370.67
25,2017,13,0.3,0.77,0.52,30886,24,18.93,0.8,0.215,0.65,4316.32
62,2340,20,0.2,0.42,0.97,48577,12,14.91,0.8,0.044,0.75,1603.04
59,6972,23,0.17,0.53,0.65,4302,6,23.66,0.61,0.083,0.8,285.65
61,4036,10,0.69,0.3,0.41,29253,12,13.78,0.94,0.037,0.72,779.3
48,6341,8,0.39,0.34,0.2,21583,48,24.61,1.23,0.23,0.64,3177.02
27,3186,1,0.72,0.74,0.24,18854,36,15.25,1.44,0.057,0.13,139.71
29,4519,11,0.16,0.35,0.3,22690,48,7.29,1.1,0.06,0.53,721.54
28,6415,2,0.37,0.62,0.33,6642,36,20.3,1.36,0.424,0.13,366.11
32,2188,2,0.56,0.77,0.87,28898,48,18.58,1.32,0.394,0.75,8539.36
54,2656,0,0.77,0.29,0.61,42362,24,20.46,0.67,0.209,0.36,3187.32
53,2165,7,0.37,0.65,0.57,33632,12,24.03,0.99,0.444,0.55,8212.93
43,1299,21,0.63,0.41,0.2,20003,36,20.53,0.62,0.01,0.32,64.01
44,2480,27,0.85,0.97,0.87,48956,6,17.23,1.18,0.28,0.73,10006.61
57,1310,28,0.62,0.59,0.75,35131,12,22.15,1.45,0.281,0.81,7996.17
55,5112,7,0.3,0.84,0.16,16999,6,18.46,0.64,0.211,0.42,1506.45
64,2124,10,0.12,0.64,0.74,40352,12,13.16,1.23,0.185,0.79,5897.44
60,1955,8,0.84,0.23,0.59,8516,12,22.71,1.13,0.21,0.31,554.39
42,2627,4,0.12,0.71,0.17,2884,48,9.44,1.08,0.193,0.53,295.0
47,3941,13,0.84,0.96,0.51,15572,36,19.29,0.89,0.331,0.79,4071.92
55,4286,27,0.55,0.68,0.54,37203,36,22.63,0.86,0.07,0.36,937.52
21,2610,29,0.9,0.86,0.25,46395,12,19.63,0.55,0.097,0.86,3870.27
55,7388,2,0.78,0.91,0.95,14982,24,18.95,0.72,0.089,0.2,266.68
57,3723,20,0.95,0.38,0.86,41010,24,20.05,0.52,0.125,0.11,563.89
34,6101,4,0.4,0.37,0.7,49433,6,14.3,1.08,0.241,0.82,9768.95
23,3014,4,0.75,0.69,0.52,22326,6,22.48,0.61,0.059,0.15,197.59
21,4986,18,0.44,0.53,0.47,2990,48,9.07,1.37,0.392,0.89,1043.15
25,1513,26,0.51,0.87,0.69,46592,12,7.55,1.02,0.141,0.86,5649.75
46,6777,13,0.63,0.92,0.59,26018,6,10.71,1.2,0.082,0.21,448.03
34,4402,25,0.84,0.48,0.16,24545,6,15.63,0.91,0.307,0.53,3993.72
59,4934,29,0.94,0.39,0.56,27410,12,15.21,1.06,0.027,0.25,185.02
47,4322,3,0.75,0.82,0.83,25066,48,21.41,1.44,0.283,0.44,3121.22
29,5068,24,0.46,0.42,0.51,34405,6,13.09,0.58,0.317,0.15,1635.96
35,5548,12,0.46,0.86,0.15,27603,48,14.69,0.75,0.105,0.28,811.53
35,5649,9,0.73,0.54,0.81,36688,36,5.27,1.28,0.028,0.39,400.63
46,2043,24,0.3,0.73,0.28,6345,48,13.19,0.6,0.17,0.45,485.39
62,4509,17,0.19,0.28,0.33,21662,24,17.96,0.58,0.053,0.88,1010.32
33,1881,7,0.4,0.7,0.25,37174,24,5.31,0.86,0.061,0.75,1700.71
52,6579,7,0.34,0.56,0.4,19837,48,10.62,0.59,0.122,0.69,1669.88
59,7419,6,0.35,0.67,0.78,22813,24,9.16,1.09,0.14,0.53,1692.72
52,1255,7,0.3,0.33,0.57,27443,36,5.84,0.73,0.243,0.77,5134.86
24,5724,13,0.14,0.79,0.28,12913,12,14.59,1.4,0.308,0.37,1471.57
50,1694,18,0.12,0.89,0.89,776,24,8.63,1.28,0.271,0.67,140.9
57,2184,28,0.94,0.37,0.89,18111,24,19.86,1.2,0.075,0.9,1222.49
43,2758,5,0.46,0.28,0.88,39605,48,21.96,1.12,0.086,0.35,1192.11
59,3872,0,0.43,0.22,0.31,12444,36,15.91,1.36,0.397,0.64,3161.77
35,7330,22,0.68,0.71,0.51,16406,12,24.63,0.72,0.256,0.78,3275.95
63,2796,14,0.29,0.69,0.99,21036,48,14.01,1.37,0.393,0.83,6861.73
49,7291,0,0.91,0.64,0.79,28310,48,15.27,1.29,0.173,0.67,3281.41
56,5085,24,0.77,0.39,0.12,12806,36,24.78,1.25,0.28,0.33,1183.27
33,1304,16,0.18,0.51,0.16,11003,12,9.63,1.06,0.24,0.36,950.66
52,2014,0,0.45,0.68,0.52,19725,36,23.85,0.75,0.15,0.12,355.05
27,2331,14,0.85,0.6,0.92,37476,12,5.86,0.92,0.217,0.71,5773.93
42,4240,22,0.9,0.99,0.58,12090,36,13.93,1.29,0.231,0.13,363.06
48,1623,1,0.5,0.31,0.55,11386,48,6.4,0.53,0.098,0.79,881.5
22,1728,13,0.62,0.76,0.19,13366,48,19.58,1.28,0.149,0.19,378.39
62,5829,20,0.24,0.52,0.69,1588,6,17.17,0.74,0.358,0.24,136.44
26,6036,7,0.94,0.54,0.84,3863,24,19.13,0.64,0.413,0.48,765.8
48,933,7,0.3,0.77,0.44,33292,36,12.49,0.62,0.168,0.69,3859.21
48,2905,18,0.9,0.75,0.8,10264,6,12.39,0.53,0.145,0.21,312.54
64,4427,6,0.65,0.99,0.97,21120,24,5.91,1.02,0.096,0.45,912.38
64,5580,18,0.62,0.3,0.28,43227,36,12.0,0.72,0.309,0.49,6545.0
40,7615,5,0.54,0.28,0.57,13435,12,23.59,1.49,0.152,0.27,551.37
50,7116,5,0.3,0.78,0.36,8568,24,12.58,1.07,0.445,0.19,724.42
31,2652,2,0.25,0.66,0.81,7795,48,21.63,0.64,0.153,0.77,918.33
48,5710,6,0.29,0.42,0.62,41660,6,21.85,1.19,0.183,0.5,3811.89
45,6068,18,0.26,0.26,0.67,11890,24,12.46,1.4,0.275,0.11,359.67
59,4975,7,0.76,0.27,0.82,41716,24,17.64,1.25,0.363,0.74,11205.75
53,3733,9,0.4,0.92,0.46,20631,48,6.91,0.58,0.217,0.88,3939.7
21,4084,19,0.15,0.35,0.92,29718,36,7.07,1.4,0.196,0.58,3378.34
47,5098,14,0.92,0.46,0.58,10933,12,5.97,1.29,0.448,0.5,2448.99
33,3611,14,0.85,0.38,0.24,15538,48,16.62,0.66,0.015,0.8,186.46
61,6148,28,0.89,0.48,0.73,28682,12,13.52,0.55,0.404,0.86,9965.27
23,6595,0,0.95,0.26,0.81,12028,36,15.96,1.06,0.076,0.7,639.89
59,2050,19,0.25,0.62,0.39,21781,24,15.42,0.66,0.356,0.46,3566.86
26,6578,29,0.44,0.25,0.87,49011,12,12.0,1.33,0.282,0.57,7878.03
28,6451,6,0.74,0.84,0.92,9105,6,18.55,0.86,0.16,0.66,961.49
47,4312,26,0.69,0.39,0.35,35282,6,20.17,1.41,0.395,0.26,3623.46
29,6990,3,0.23,0.63,0.99,1881,48,5.29,1.07,0.016,0.46,13.84
57,2056,28,0.79,0.9,0.23,1598,36,9.14,0.68,0.11,0.76,133.59
53,4176,5,0.29,0.72,0.28,20310,48,19.26,0.64,0.259,0.62,3261.38
62,6445,24,0.29,0.63,0.27,24822,48,12.73,1.08,0.165,0.43,1761.12
64,6062,0,0.56,0.46,0.9,42369,48,18.25,1.26,0.279,0.63,7447.2
44,4286,28,0.6,0.47,0.69,33455,6,11.94,1.28,0.021,0.19,133.49
35,4384,4,0.59,0.74,0.24,45216,6,12.82,0.78,0.061,0.42,1158.43
52,2196,26,0.18,1.0,0.5,10707,48,8.17,0.7,0.066,0.73,515.86
52,4437,22,0.85,0.73,0.65,22293,6,10.16,0.52,0.093,0.28,580.51
44,4130,0,0.33,0.65,0.18,2592,36,17.11,1.18,0.212,0.25,137.38
61,3503,29,0.21,0.78,0.89,28720,48,13.66,0.58,0.341,0.86,8422.43
32,1270,3,0.86,0.57,0.82,19014,6,20.49,0.92,0.408,0.27,2094.58
59,7914,21,0.91,0.25,0.55,38510,12,22.05,1.1,0.378,0.31,4512.6
22,5931,1,0.83,0.65,0.97,9049,48,15.83,1.44,0.097,0.88,772.42
23,2153,9,0.79,0.97,0.48,22531,48,20.17,0.81,0.204,0.69,3171.46
57,3583,4,0.66,0.34,0.99,5685,36,11.14,0.75,0.098,0.66,367.71
37,3631,26,0.57,0.75,0.7,15771,24,13.3,1.15,0.126,0.78,1549.97
22,5863,9,0.17,0.36,0.67,6276,24,19.26,1.12,0.232,0.19,276.65
22,1157,0,0.45,0.63,0.25,12949,36,12.72,0.83,0.04,0.66,341.85
48,3819,21,0.42,0.28,0.89,24797,36,16.77,1.43,0.106,0.5,1314.24
43,1467,5,0.32,0.56,0.48,41091,36,8.71,1.34,0.422,0.76,13178.71
57,5268,12,0.71,0.8,0.25,16217,24,17.0,0.72,0.215,0.51,1778.19
52,5927,14,0.52,0.48,0.11,40623,36,22.23,0.74,0.206,0.6,5021.0
53,1945,3,0.17,0.73,0.6,39733,6,22.37,1.01,0.016,0.48,305.15
21,6267,12,0.29,0.84,0.57,46005,48,19.49,1.27,0.119,0.48,2627.81
39,7619,23,0.68,0.94,0.75,46592,48,19.92,0.54,0.391,0.71,12934.41
22,4985,19,0.16,0.39,0.9,10850,12,16.16,1.19,0.082,0.6,533.82
64,4519,23,0.82,0.52,0.17,31122,12,16.69,1.15,0.193,0.61,3663.99
46,3545,14,0.52,0.32,0.76,35823,48,7.67,0.73,0.016,0.46,263.66
52,1339,28,0.51,0.99,0.27,3451,6,13.88,1.18,0.22,0.52,394.79
26,3579,7,0.6,0.94,0.87,18122,24,14.02,1.44,0.019,0.7,241.02
52,5764,4,0.8,0.63,0.84,5227,24,24.17,0.55,0.371,0.76,1473.8
24,4936,28,0.4,0.87,0.59,38954,6,13.62,0.82,0.373,0.66,9589.7
31,5635,14,0.68,0.62,0.74,36969,24,15.99,0.94,0.357,0.84,11086.26
37,4575,3,0.58,0.7,0.38,36048,36,15.67,1.4,0.135,0.76,3698.52
58,6842,11,0.33,0.27,0.52,24282,48,17.74,1.46,0.378,0.55,5048.23
44,7445,12,0.85,0.8,0.84,28954,48,19.96,0.94,0.249,0.64,4614.11
25,7902,1,0.78,0.3,0.51,2868,6,9.5,1.25,0.174,0.84,419.19
54,6120,26,0.66,0.86,0.42,16092,24,15.57,1.03,0.285,0.6,2751.73
26,5824,18,0.82,0.83,0.54,22673,12,21.52,1.04,0.015,0.76,258.47
42,6932,18,0.84,0.77,0.85,33704,12,14.26,0.78,0.073,0.65,1599.25
31,3308,3,0.7,0.23,0.4,36096,24,10.57,0.72,0.337,0.54,6568.75
36,3579,3,0.81,0.44,0.26,34824,12,18.09,0.79,0.117,0.29,1181.58
53,7695,25,0.69,0.41,0.74,46632,6,21.48,1.06,0.273,0.44,5601.44
29,1724,10,0.68,0.49,0.84,24364,6,6.26,0.53,0.179,0.87,3794.21
26,3756,26,0.63,0.27,0.19,48329,24,20.54,1.41,0.386,0.63,11752.65
36,2381,4,0.74,0.95,0.32,31250,12,21.43,0.66,0.429,0.55,7373.44
49,4124,19,0.23,0.64,0.23,11076,6,14.23,0.72,0.399,0.85,3756.43
23,5285,10,0.85,0.44,0.41,17066,6,24.67,1.02,0.129,0.57,1254.86
40,6513,29,0.84,0.52,0.51,7690,36,20.73,1.21,0.095,0.52,379.89
56,7826,9,0.12,0.56,0.77,23571,36,20.47,0.6,0.219,0.71,3665.05
39,1055,7,0.8,0.68,0.69,38833,6,19.96,0.82,0.013,0.67,338.24
46,5604,5,0.21,0.61,0.66,15869,24,8.01,1.47,0.021,0.25,83.31
23,2638,5,0.38,0.94,0.42,24535,48,9.34,0.76,0.253,0.48,2979.53
39,2744,7,0.73,0.6,0.86,2089,48,14.28,0.81,0.239,0.48,239.65
40,7393,22,0.24,0.99,0.52,25735,6,10.28,1.34,0.448,0.4,4611.71
52,809,14,0.8,0.88,0.98,659,6,13.3,0.55,0.099,0.51,33.27
27,3671,25,0.81,0.37,0.67,12645,6,22.77,0.96,0.124,0.43,674.23
61,1597,13,0.53,0.94,0.21,15873,24,21.49,0.88,0.06,0.26,247.62
53,5772,10,0.11,0.29,0.71,32421,36,17.6,0.82,0.414,0.43,5771.59
60,5924,11,0.34,0.85,0.39,39823,6,22.16,0.79,0.352,0.16,2242.83
59,1815,25,0.62,0.5,0.72,16737,6,20.68,0.59,0.372,0.56,3486.65
38,2624,12,0.93,0.9,0.16,42471,12,13.58,0.81,0.407,0.78,13482.84
60,5269,7,0.64,0.89,0.26,8744,24,9.02,0.54,0.241,0.68,1432.97
21,3936,29,0.32,0.84,0.87,15243,6,15.28,1.28,0.209,0.39,1242.46
31,2993,17,0.64,0.83,0.3,32066,12,19.72,0.9,0.155,0.17,844.94
48,1023,24,0.56,0.44,0.85,46601,48,13.73,0.94,0.269,0.26,3259.27
45,6158,0,0.76,0.26,0.35,46609,6,18.34,1.39,0.21,0.54,5285.46
43,7120,14,0.19,0.52,0.68,19191,6,6.89,1.16,0.209,0.27,1082.95
51,6698,7,0.75,0.34,0.72,34496,12,19.96,0.51,0.422,0.54,7860.95
50,5748,27,0.56,0.76,0.56,6090,24,21.25,1.44,0.443,0.29,782.38
62,4958,10,0.92,0.48,0.37,6085,6,19.14,0.74,0.36,0.78,1708.67
55,6136,11,0.39,0.98,0.29,9727,48,24.35,0.61,0.343,0.42,1401.27
27,4725,11,0.64,0.71,0.13,28778,6,21.53,1.27,0.309,0.3,2667.72
36,7770,3,0.89,0.86,0.37,39314,48,23.06,1.0,0.083,0.75,2447.3
46,7738,15,0.19,0.31,0.69,12737,36,23.67,0.93,0.036,0.37,169.66
22,5584,3,0.9,0.89,0.94,16149,36,21.03,0.75,0.314,0.19,963.45
21,6380,4,0.68,0.94,0.88,38213,48,18.49,1.05,0.331,0.56,7083.16
32,4800,23,0.16,0.59,0.79,8427,24,5.11,0.77,0.031,0.57,148.91
25,2433,4,0.36,0.69,0.81,45909,6,14.32,1.4,0.418,0.67,12857.27
57,2952,7,0.7,0.81,0.7,49266,6,16.42,0.72,0.05,0.29,714.36
52,1310,9,0.16,0.34,0.33,46654,36,11.08,1.38,0.136,0.46,2918.67
29,1184,16,0.59,0.6,0.92,7516,48,11.36,1.06,0.306,0.33,758.97
61,1204,27,0.39,0.52,0.7,14527,6,24.22,1.33,0.085,0.16,197.57
55,7766,25,0.63,0.32,0.6,49188,6,22.83,1.21,0.034,0.8,1337.91
39,5413,8,0.14,0.49,0.2,24642,24,21.98,1.2,0.156,0.68,2614.02
36,5371,21,0.84,0.25,0.5,47020,12,13.12,0.82,0.347,0.34,5547.42
23,2800,18,0.93,0.22,0.51,24045,36,5.27,0.73,0.192,0.58,2677.65
40,3556,28,0.92,0.31,0.88,32397,36,6.6,0.71,0.297,0.26,2501.7
44,2468,13,0.74,0.97,0.59,3667,12,11.24,1.36,0.265,0.81,787.12
53,6789,7,0.21,0.64,0.44,45257,6,5.31,1.32,0.02,0.19,171.98
44,7714,8,0.74,0.97,0.98,27417,24,5.34,0.94,0.445,0.1,1220.06
31,2260,21,0.12,0.55,0.2,23236,24,23.33,0.63,0.028,0.5,325.3
28,7990,10,0.12,0.45,0.48,28490,36,19.12,0.88,0.436,0.57,7080.33
56,7940,22,0.38,0.6,0.14,14587,24,11.18,1.12,0.252,0.56,2058.52
58,4436,0,0.52,0.55,0.77,22940,12,7.65,0.95,0.434,0.14,1393.83
60,3524,13,0.75,0.28,0.93,35705,6,15.23,1.28,0.06,0.35,749.8
40,5609,4,0.68,0.71,0.35,15775,12,5.11,1.5,0.226,0.5,1782.58
55,4978,20,0.48,0.37,0.87,5776,48,23.77,0.69,0.085,0.27,132.56
45,6064,25,0.33,0.7,0.36,42127,36,13.3,0.96,0.032,0.8,1078.45
55,7400,13,0.95,0.72,0.92,41086,24,13.05,0.93,0.282,0.17,1969.66
45,6797,3,0.46,0.32,0.78,37996,48,12.81,0.8,0.101,0.49,1880.42
49,2848,21,0.48,0.25,0.82,19508,24,6.39,0.7,0.269,0.65,3410.97
38,4946,22,0.24,0.82,0.12,6238,6,17.77,0.57,0.059,0.31,114.09
38,5580,24,0.78,0.57,0.97,32902,6,19.66,1.39,0.156,0.6,3079.63
22,1516,0,0.69,0.25,0.75,6293,6,18.52,0.92,0.354,0.76,1693.07
55,6365,21,0.29,1.0,0.37,37791,24,7.77,1.0,0.202,0.25,1908.45
36,5344,22,0.17,0.25,0.85,6071,48,16.58,1.42,0.286,0.83,1441.13
61,5776,18,0.68,0.76,0.35,31831,6,16.39,1.28,0.295,0.54,5070.68
56,5383,7,0.66,0.99,0.89,16709,48,22.37,0.63,0.381,0.34,2164.48
53,2623,14,0.33,0.39,0.2,48514,24,12.58,1.07,0.153,0.44,3265.96
24,2881,20,0.91,0.31,0.73,25894,48,12.43,0.94,0.312,0.35,2827.62
53,4219,14,0.23,0.3,0.59,43648,24,17.37,1.3,0.433,0.68,12851.72
34,7038,8,0.47,0.44,0.19,26182,24,17.66,1.22,0.331,0.74,6413.02
41,2374,20,0.9,0.28,0.32,2724,36,14.39,1.19,0.226,0.77,474.03
40,7097,8,0.46,0.75,0.11,41657,24,13.86,0.84,0.288,0.89,10677.52
28,1049,9,0.64,0.25,0.52,49195,24,14.88,1.3,0.335,0.73,12030.64
27,1473,19,0.44,0.61,0.37,44952,12,22.22,0.55,0.279,0.58,7274.13
23,5333,24,0.33,1.0,0.64,43908,6,14.22,0.66,0.017,0.37,276.18
37,2965,20,0.94,0.85,0.37,32941,36,23.8,0.84,0.096,0.54,1707.66
53,1570,25,0.45,0.69,0.37,41930,36,15.08,0.58,0.367,0.13,2000.48
32,4762,8,0.86,0.45,0.77,39629,36,23.98,0.73,0.13,0.7,3606.24
42,5163,2,0.3,0.7,0.14,35216,12,21.66,1.33,0.332,0.46,5378.19
42,2784,19,0.28,0.62,0.91,45359,24,12.25,1.45,0.174,0.12,947.1
50,1877,24,0.13,0.54,0.87,27086,6,22.27,0.8,0.24,0.15,975.1
58,1035,25,0.65,0.3,0.7,45260,48,7.2,0.76,0.04,0.41,742.26
58,1188,10,0.41,0.91,0.63,23978,24,23.5,0.78,0.09,0.57,1230.07
28,3837,5,0.83,0.56,0.9,6818,12,17.63,0.78,0.431,0.47,1381.12
47,5658,1,0.5,0.36,0.27,29194,24,6.09,0.54,0.402,0.6,7041.59
47,2648,6,0.92,0.49,0.17,20680,24,17.89,1.43,0.297,0.48,2948.14
54,7344,17,0.26,0.53,0.32,12680,12,24.48,0.71,0.212,0.63,1693.54
41,5519,26,0.84,0.86,0.82,33502,36,6.4,0.92,0.307,0.28,2879.83
50,3614,1,0.76,0.79,0.13,15872,36,16.09,0.51,0.282,0.19,850.42
53,4174,26,0.76,0.82,0.62,30296,6,19.96,1.36,0.26,0.58,4568.64
48,7862,16,0.82,0.21,1.0,24927,6,21.21,1.23,0.036,0.49,439.71
53,4078,10,0.75,0.53,0.87,33790,36,13.28,1.45,0.288,0.12,1167.78
25,2052,26,0.63,0.59,0.57,28599,48,9.08,1.28,0.348,0.4,3980.98
39,7796,11,0.21,0.22,0.16,45986,24,5.85,0.81,0.447,0.18,3700.03
24,4781,26,0.13,0.41,0.85,10321,48,16.59,0.75,0.015,0.53,82.05
55,5473,18,0.88,0.81,0.64,6332,24,14.06,1.2,0.331,0.42,880.27
37,2922,21,0.62,0.31,0.2,13320,36,23.97,0.86,0.262,0.59,2059.01
64,5330,23,0.78,0.63,0.18,16711,6,6.21,1.07,0.201,0.74,2485.59
48,2950,24,0.51,0.37,0.92,40390,6,18.71,0.51,0.066,0.34,906.35
50,5659,6,0.2,0.21,0.7,6342,48,5.5,0.56,0.19,0.87,1048.33
49,7681,19,0.21,0.39,0.85,1816,6,8.43,1.04,0.166,0.53,159.77
26,7749,5,0.68,0.98,0.89,46468,36,14.07,1.07,0.143,0.59,3920.51
55,2129,20,0.47,0.84,0.61,18008,48,14.1,1.25,0.332,0.64,3826.34
61,7041,23,0.27,0.97,0.57,22505,24,18.71,0.63,0.318,0.63,4508.65
57,7741,0,0.52,0.59,0.49,15706,6,23.2,1.01,0.269,0.51,2154.71
44,2158,16,0.15,0.29,0.39,19471,12,17.78,0.69,0.423,0.44,3623.94
49,7802,28,0.59,0.64,0.49,26099,6,24.07,0.59,0.164,0.14,599.23
51,3282,10,0.33,0.56,0.8,22556,24,22.63,0.91,0.117,0.12,316.69
55,5342,21,0.78,0.88,0.64,1878,48,16.69,0.66,0.299,0.39,218.99
53,2817,25,0.36,0.28,0.9,2019,24,21.68,0.72,0.097,0.37,72.46
41,2131,27,0.49,0.59,0.5,22661,12,17.85,0.82,0.149,0.41,1384.36
52,5144,17,0.11,0.32,0.65,41203,36,6.57,0.76,0.109,0.21,943.14
43,5061,20,0.16,0.46,0.67,39361,6,19.81,0.59,0.04,0.69,1086.36
53,7927,16,0.43,0.79,0.63,5855,48,6.9,0.59,0.374,0.79,1729.92
23,2158,6,0.51,0.58,0.73,9583,36,16.88,0.69,0.122,0.85,993.76
38,5915,16,0.61,0.5,0.31,38842,24,19.05,0.55,0.218,0.49,4149.1
45,5437,19,0.35,0.52,0.56,20956,48,6.33,1.13,0.029,0.66,401.1
62,5654,8,0.69,0.57,0.19,13824,36,9.62,0.79,0.318,0.78,3428.9
51,3977,16,0.83,0.83,0.45,2757,48,23.31,0.78,0.155,0.43,183.75
23,2928,19,0.76,0.91,0.54,27864,12,17.33,0.83,0.338,0.35,3296.31
60,2980,21,0.13,0.96,0.69,25472,12,9.93,1.16,0.191,0.85,4135.38
44,5692,21,0.51,0.83,0.96,46679,6,18.81,1.37,0.096,0.51,2285.4
52,7843,27,0.19,0.45,0.64,27154,6,16.94,1.26,0.236,0.5,3204.17
42,937,28,0.31,0.75,0.77,15733,12,15.03,1.23,0.067,0.24,252.99
43,7127,7,0.94,0.55,0.56,16387,48,24.52,0.98,0.204,0.19,635.16
22,4272,16,0.22,0.4,0.67,29820,12,18.67,1.19,0.15,0.77,3444.21
47,6249,6,0.52,0.87,0.16,21308,6,12.51,1.05,0.411,0.59,5166.98
62,3632,0,0.63,0.23,0.33,30654,12,21.0,0.72,0.037,0.36,408.31
22,4379,12,0.7,0.92,0.43,35273,12,22.69,0.71,0.315,0.25,2777.75
46,6771,29,0.58,0.57,0.53,28247,48,7.5,0.8,0.09,0.54,1372.8
37,3831,22,0.11,0.71,0.14,11360,36,9.01,1.41,0.15,0.57,971.28
60,4964,18,0.38,0.73,0.23,43338,6,9.32,1.05,0.193,0.27,2258.34
53,3393,26,0.54,0.92,0.35,42656,48,18.82,1.23,0.41,0.78,13641.39
29,6996,23,0.17,0.71,0.97,18656,12,17.06,0.85,0.117,0.17,371.07
63,6369,18,0.4,0.69,0.4,20860,12,17.38,0.91,0.05,0.38,396.34
59,5100,29,0.13,0.25,0.53,18635,36,23.82,0.63,0.15,0.64,1788.96
49,7069,29,0.17,0.61,0.28,25851,6,20.52,0.67,0.056,0.32,463.25
62,4618,28,0.44,0.32,0.65,30999,6,7.56,1.33,0.067,0.76,1578.47
46,4938,16,0.21,0.79,0.35,47877,24,11.95,1.08,0.262,0.69,8655.2
55,4623,12,0.58,0.61,0.29,24054,6,13.71,0.84,0.037,0.73,649.7
45,4842,28,0.69,0.74,0.56,49631,36,12.92,1.3,0.024,0.2,238.23
44,2706,29,0.78,0.23,0.1,20104,24,18.39,0.75,0.324,0.21,1367.88
33,7054,15,0.27,0.27,0.11,17423,24,22.84,1.48,0.169,0.33,971.68
27,1560,7,0.24,0.77,0.3,48091,12,11.12,0.84,0.065,0.51,1594.22
56,7791,18,0.19,0.26,0.13,9047,12,16.04,0.84,0.122,0.7,772.61
40,7038,17,0.64,0.26,0.2,44783,6,20.79,0.81,0.293,0.77,10103.49
21,6890,0,0.7,0.21,0.4,33502,24,13.32,0.62,0.131,0.66,2896.58
28,4245,13,0.13,0.97,0.82,15062,12,8.36,0.61,0.228,0.84,2884.67
36,6831,18,0.9,0.79,0.61,7980,36,14.5,1.15,0.064,0.69,352.4
34,1699,14,0.14,0.48,0.56,27172,12,6.1,1.38,0.269,0.35,2558.24
32,5255,17,0.56,0.44,0.36,4713,12,23.85,1.29,0.149,0.31,217.69
43,3747,1,0.7,0.48,0.94,10793,24,6.5,0.64,0.286,0.66,2037.29
35,2519,21,0.84,0.82,0.46,34941,24,13.77,1.05,0.366,0.25,3197.1
48,1080,27,0.71,0.73,0.18,2600,48,15.6,0.61,0.279,0.17,123.32
54,4066,16,0.78,0.35,0.66,45117,36,24.71,0.55,0.14,0.53,3347.68
22,2687,17,0.39,0.34,0.2,28672,24,8.32,1.16,0.123,0.76,2680.26
52,4066,29,0.79,0.28,0.41,20632,6,7.29,1.04,0.154,0.18,571.92
43,1466,5,0.17,0.73,0.56,18699,36,5.17,0.58,0.082,0.73,1119.32
42,4988,18,0.86,0.81,0.89,37109,36,8.11,0.53,0.09,0.75,2504.86
45,1471,3,0.57,0.41,0.54,43465,24,9.15,1.49,0.358,0.49,7624.63
42,2769,0,0.79,0.22,0.73,8516,36,17.61,0.53,0.179,0.15,228.65
42,4956,7,0.48,0.27,0.99,40279,24,9.39,0.94,0.202,0.24,1952.73
62,7577,28,0.65,0.97,0.22,37761,12,5.41,1.0,0.271,0.67,6856.26
26,3922,22,0.55,0.44,0.35,32381,48,21.53,0.62,0.269,0.67,5836.03
35,5924,6,0.72,0.82,0.46,17558,12,12.31,0.67,0.04,0.82,575.9
63,6385,2,0.17,0.7,0.48,24972,24,12.07,0.85,0.376,0.57,5352.0
57,5499,9,0.15,0.51,0.47,41846,24,11.05,1.26,0.088,0.2,736.49
53,5577,9,0.31,0.36,0.92,35426,12,24.51,1.01,0.328,0.2,2323.95
28,4700,18,0.24,0.3,0.74,35332,6,8.4,1.14,0.35,0.68,8409.02
64,7477,13,0.84,0.69,0.65,36521,6,22.96,1.49,0.325,0.25,2967.33
64,6324,1,0.29,0.82,0.38,24587,6,20.54,1.27,0.265,0.36,2345.6
25,7781,27,0.93,0.72,0.84,13328,24,6.53,0.93,0.016,0.49,104.49
59,7588,0,0.39,0.62,0.96,31628,36,24.73,0.95,0.169,0.12,641.42
24,7176,22,0.25,0.23,0.84,1901,24,10.43,1.12,0.276,0.3,157.4
26,1323,22,0.77,0.97,0.1,20143,36,6.97,1.17,0.18,0.43,1559.07
52,3193,27,0.66,0.84,0.67,15693,12,21.59,1.0,0.39,0.32,1958.49
50,3917,17,0.52,0.43,0.15,27353,48,19.13,1.14,0.146,0.21,838.64
55,3393,6,0.57,0.98,0.33,45364,36,17.34,0.52,0.139,0.68,4287.81
60,2768,28,0.71,0.68,0.15,20807,6,8.12,0.93,0.127,0.75,1981.87
36,5997,7,0.29,0.67,0.64,37482,24,14.57,0.78,0.156,0.31,1812.63
33,2553,0,0.95,0.8,0.72,20111,12,20.61,0.63,0.255,0.72,3692.38
62,6732,24,0.93,0.85,0.2,44291,6,11.07,0.6,0.321,0.41,5829.14
50,7737,22,0.65,0.73,0.45,12450,12,11.23,1.1,0.302,0.51,1917.55
39,3096,2,0.27,0.3,0.51,11204,48,5.06,1.02,0.365,0.78,3189.78
37,6990,23,0.68,0.47,0.43,43611,24,8.48,0.75,0.4,0.7,12211.08
39,6040,22,0.16,0.94,0.21,12367,24,22.51,0.97,0.369,0.74,3376.93
48,3061,26,0.13,0.38,0.48,3245,48,13.83,0.99,0.018,0.21,12.27
46,3086,28,0.32,0.5,0.78,4366,24,24.68,0.7,0.334,0.16,233.32
57,5975,7,0.49,0.55,0.16,32745,36,12.91,1.15,0.102,0.81,2705.39
46,7293,21,0.84,0.55,0.17,45224,12,19.3,1.28,0.068,0.41,1260.85
43,5002,24,0.72,0.69,0.42,6318,6,10.64,1.29,0.291,0.33,606.72
29,3678,14,0.73,0.95,0.95,49361,48,12.28,1.1,0.151,0.68,5068.39
32,4943,4,0.46,0.39,0.7,30616,36,8.81,1.01,0.035,0.77,825.1
21,4444,2,0.39,0.3,0.71,15993,6,11.94,0.56,0.071,0.79,897.05
21,5232,18,0.42,0.36,0.43,28538,6,15.94,0.79,0.01,0.35,99.88
54,5945,0,0.94,0.91,0.63,20947,48,24.84,0.59,0.407,0.78,6649.83
52,7747,27,0.13,0.72,0.11,30931,36,18.28,1.46,0.021,0.13,84.44
45,6176,14,0.84,0.43,0.67,18408,6,8.98,0.64,0.102,0.14,262.87
60,2855,7,0.59,0.85,0.92,29836,6,5.9,0.65,0.193,0.6,3455.01
21,5520,1,0.47,0.89,0.65,41492,36,7.53,1.39,0.167,0.15,1039.37
36,6786,2,0.72,0.88,0.89,4525,24,16.25,1.44,0.411,0.36,669.52
59,2076,23,0.51,0.94,0.75,20593,6,20.3,1.27,0.028,0.64,369.03
25,6611,13,0.84,0.4,0.21,6655,12,23.81,0.51,0.235,0.37,578.65
42,3566,23,0.87,0.8,0.91,47107,36,5.32,0.5,0.309,0.24,3493.46
49,1102,13,0.46,0.57,0.16,33987,6,15.46,0.88,0.42,0.33,4710.6
23,1438,10,0.34,0.87,0.58,48158,48,14.42,0.64,0.283,0.47,6405.5
32,855,15,0.6,0.78,0.23,21463,12,18.12,0.52,0.364,0.48,3750.02
46,5621,3,0.88,0.82,0.11,21436,6,16.19,0.96,0.047,0.73,735.47
36,1325,19,0.28,0.72,0.48,4926,12,18.74,1.44,0.18,0.7,620.68
57,5369,4,0.63,0.34,0.37,23803,12,18.16,0.82,0.175,0.47,1957.8
42,4923,21,0.64,0.64,0.54,45780,24,7.34,1.16,0.4,0.78,14283.36
49,2925,20,0.72,0.99,0.62,28106,12,20.99,1.15,0.077,0.19,411.19
34,4087,13,0.21,0.95,0.14,48332,24,7.46,0.75,0.077,0.3,1116.47
48,1164,22,0.71,0.23,0.21,28651,36,18.97,1.15,0.155,0.76,3375.09
25,7609,15,0.87,0.33,0.6,14267,24,13.32,0.71,0.034,0.4,194.03
50,5421,17,0.25,0.31,0.41,11808,48,15.28,0.62,0.09,0.88,935.19
25,7642,6,0.3,0.78,0.76,44745,6,23.07,1.2,0.435,0.47,9148.12
32,6231,9,0.93,0.85,0.69,46171,36,22.8,0.61,0.198,0.73,6673.56
36,5778,6,0.25,0.37,0.86,25270,36,21.36,1.5,0.288,0.42,3056.66
46,5926,0,0.83,0.6,0.72,29072,48,15.2,0.68,0.329,0.44,4208.46
46,5922,22,0.52,0.87,0.49,41948,24,19.72,1.09,0.171,0.41,2940.97
41,2446,20,0.31,0.79,0.71,2704,6,15.26,0.91,0.075,0.68,137.9
59,1718,18,0.84,0.63,0.35,27733,24,22.39,0.63,0.101,0.54,1512.56
56,3597,15,0.48,0.67,0.38,22229,12,13.06,0.53,0.148,0.86,2829.31
53,7306,28,0.54,0.61,0.81,31631,24,24.4,1.12,0.29,0.3,2751.9
50,6670,18,0.41,0.44,0.5,34370,36,23.65,1.31,0.185,0.18,1144.52
57,2331,3,0.6,0.65,0.82,38511,6,19.83,1.34,0.013,0.41,205.26
43,4145,28,0.24,0.75,0.84,39882,24,10.59,0.98,0.24,0.59,5647.29
30,7749,27,0.43,0.9,0.87,49567,6,7.63,1.28,0.415,0.79,16250.54
25,7682,17,0.92,0.71,0.92,41975,6,22.09,1.17,0.367,0.38,5853.83
56,2706,1,0.32,0.81,0.49,47181,12,8.31,1.22,0.373,0.62,10911.08
54,3886,0,0.66,0.33,0.39,22107,12,22.09,0.99,0.36,0.38,3024.24
51,6111,14,0.38,0.57,0.62,25468,36,14.82,1.13,0.152,0.59,2283.97
30,6550,4,0.76,0.21,0.43,33898,48,13.13,1.31,0.347,0.81,9527.71
39,5380,19,0.21,0.4,0.64,12408,6,23.06,0.9,0.073,0.29,262.68
52,2875,10,0.92,0.78,0.74,26923,48,17.08,1.31,0.299,0.42,3380.99
21,1513,9,0.49,0.99,0.72,44115,36,16.53,1.09,0.292,0.89,11464.61
25,1862,1,0.3,0.28,0.44,9671,6,16.18,0.67,0.021,0.79,160.44
24,2776,2,0.16,0.52,0.25,13221,6,12.42,0.52,0.357,0.55,2595.94
36,2096,22,0.24,0.84,0.49,49929,48,20.71,0.86,0.407,0.51,10363.76
44,6150,22,0.54,0.36,0.23,17116,24,10.06,1.05,0.128,0.33,722.98
36,7029,11,0.39,0.64,0.9,43012,12,23.78,1.34,0.367,0.51,8050.56
22,925,19,0.8,0.79,0.41,38958,24,22.88,0.63,0.046,0.78,1397.81
48,7755,4,0.47,0.69,0.24,46669,48,11.75,1.3,0.274,0.65,8311.75
52,5432,4,0.31,0.35,0.12,8159,12,19.59,1.36,0.224,0.33,603.11
47,7088,5,0.62,0.48,0.68,43869,24,16.46,0.65,0.25,0.26,2851.48
40,4396,29,0.7,0.83,0.67,12204,12,11.75,1.35,0.418,0.31,1581.39
44,4083,8,0.24,0.64,0.41,33293,6,24.77,1.49,0.393,0.24,3140.2
32,6968,1,0.24,0.2,0.16,48652,24,5.5,1.23,0.355,0.18,3108.86
55,2403,20,0.13,0.81,0.47,46973,12,10.05,1.28,0.13,0.44,2686.86
53,866,11,0.73,0.23,0.38,31726,12,15.4,1.49,0.411,0.19,2477.48
53,1032,2,0.66,0.8,0.71,24352,12,15.44,1.11,0.053,0.24,309.76
63,2956,19,0.5,0.36,0.65,32582,24,16.78,0.81,0.385,0.54,6773.8
57,1969,25,0.82,0.97,0.43,23294,36,20.03,1.34,0.154,0.23,825.07
32,2958,21,0.78,0.49,0.3,41920,24,17.47,1.11,0.034,0.15,213.79
23,7171,11,0.6,0.46,0.99,13879,48,17.01,1.08,0.305,0.35,1481.58
21,5006,23,0.84,0.32,0.51,7506,24,6.07,0.75,0.112,0.28,235.39
53,2293,16,0.27,0.44,0.72,9182,12,12.53,1.26,0.117,0.51,547.89
60,6977,9,0.2,0.9,0.23,34340,6,9.64,0.58,0.145,0.18,896.27
30,5518,29,0.33,1.0,0.54,32930,24,10.31,1.42,0.038,0.7,875.94
63,4807,23,0.15,0.49,0.12,23591,24,16.09,0.83,0.088,0.82,1702.33
64,7691,26,0.55,0.56,0.55,33483,12,8.99,0.63,0.012,0.69,277.24
49,7538,13,0.9,0.78,0.97,24489,6,10.88,0.94,0.206,0.53,2673.71
33,3272,22,0.13,0.91,0.45,10415,6,9.74,0.54,0.047,0.79,386.71
32,3460,16,0.2,0.67,0.14,43052,48,23.97,1.18,0.31,0.66,8808.44
51,6437,17,0.48,0.51,0.13,19490,24,23.89,1.4,0.114,0.11,244.4
22,3539,18,0.89,0.53,0.45,25234,6,17.2,1.34,0.425,0.42,4504.27
55,6201,16,0.37,0.76,0.24,15324,6,23.49,0.63,0.393,0.78,4697.42
43,2561,13,0.53,0.2,0.12,36581,36,20.72,0.63,0.137,0.38,1904.41
37,4314,8,0.14,0.7,0.78,11533,36,16.8,1.31,0.355,0.13,532.25
46,2775,7,0.23,0.48,0.51,43236,6,5.13,1.42,0.363,0.7,10986.27
28,3162,1,0.94,0.84,0.36,16741,48,20.45,0.96,0.444,0.74,5500.42
49,1676,12,0.92,0.27,0.91,6439,6,19.05,1.0,0.273,0.23,404.3
46,6885,24,0.1,0.67,0.2,47964,12,17.31,0.82,0.046,0.53,1169.36
30,4612,6,0.91,0.58,0.96,48062,24,20.21,1.39,0.295,0.25,3544.57
46,4248,8,0.64,0.71,0.38,35563,48,15.26,1.14,0.285,0.68,6892.11
54,2112,21,0.84,0.25,0.9,34964,12,19.08,0.79,0.291,0.32,3255.85
61,2260,21,0.49,0.66,0.64,11685,48,23.7,0.8,0.145,0.35,593.01
